<?xml version="1.0" encoding="UTF-8"?>
<project-private xmlns="http://www.netbeans.org/ns/project-private/1">
    <editor-bookmarks xmlns="http://www.netbeans.org/ns/editor-bookmarks/2" lastBookmarkId="0"/>
    <open-files xmlns="http://www.netbeans.org/ns/projectui-open-files/2">
        <group>
            <file>file:/D:/Annisa/Wikrama/RPL%20XI-3/PRODUKTIF/JAVA/projek%20java/laundry/src/Laundry/initransaksi.java</file>
            <file>file:/D:/Annisa/Wikrama/RPL%20XI-3/PRODUKTIF/JAVA/projek%20java/laundry/src/Laundry/Login.java</file>
            <file>file:/D:/Annisa/Wikrama/RPL%20XI-3/PRODUKTIF/JAVA/projek%20java/laundry/src/Laundry/Cetak_transaksi.java</file>
            <file>file:/D:/Annisa/Wikrama/RPL%20XI-3/PRODUKTIF/JAVA/projek%20java/laundry/src/Laundry/Menuutama.java</file>
        </group>
    </open-files>
</project-private>
